<?xml version="1.0"?>
<!DOCTYPE modification SYSTEM "http://www.simplemachines.org/xml/modification">
<modification xmlns="http://www.simplemachines.org/xml/modification" xmlns:smf="http://www.simplemachines.org/">
	<id>Dragooon:Mentions</id>
	<name>@mention members</name>

	<file name="$languagedir/Modifications.english.php">

		<operation>
			<search position="end" />
			<add><![CDATA[
	$txt['mentions'] = 'Mentions';
	$txt['scheduled_task_removeMentions'] = 'Remove seen mentions';
	$txt['scheduled_task_desc_removeMentions'] = 'Automatically removes seen mentions older than the specified days';
	]]></add>
		</operation>

	</file>

	<file name="$languagedir/Modifications.english-utf8.php" error="skip">

		<operation>
			<search position="end" />
			<add><![CDATA[
	$txt['mentions'] = 'Mentions';
	$txt['scheduled_task_removeMentions'] = 'Remove seen mentions';
	$txt['scheduled_task_desc_removeMentions'] = 'Automatically removes seen mentions older than the specified days';
	]]></add>
		</operation>

	</file>

</modification>