<?xml version="1.0"?>
<!DOCTYPE package-info SYSTEM "http://www.simplemachines.org/xml/package-info">
<package-info xmlns="http://www.simplemachines.org/xml/package-info" xmlns:smf="http://www.simplemachines.org/">
	<name>@mention members</name>
	<id>Dragooon:mentions</id>
	<type>modification</type>
	<version>1.1.2</version>

	<install for="2.0 - 2.0.99">
		<readme parsebbc="true">README.bbc</readme>
		<database>install.php</database>
		<modification>install.xml</modification>
		<modification>install-english.xml</modification>
		<require-dir name="Sources" destination="$boarddir" />
		<require-dir name="Themes" destination="$boarddir" />
		<redirect url="?action=admin;area=modsettings;sa=mentions" type="inline">Redirecting to the mention's settings page, also please remember to set the individual permissions for membergroups in order to allow mentions</redirect>
	</install>

	<uninstall for="2.0 - 2.0.99">
		<code>uninstall.php</code>
		<modification reverse="true">install.xml</modification>
		<modification reverse="true">install-english.xml</modification>
		<remove-file name="$sourcedir/Mentions.php" />
		<remove-file name="$themedir/languages/Mentions.english.php" />
		<remove-file name="$themedir/languages/Mentions.english-utf8.php" />
		<remove-file name="$themedir/scripts/mentions.js" />
		<remove-file name="$themedir/css/mentions.css" />
		<remove-file name="$themedir/scripts/jquery.atwho.js" />
	</uninstall>

</package-info>